{
	"namespace":"allay",
	"deptrai":{
		"type":"panel",
		"size":[
			"100%",
			"100%"
		],
		"controls":[
			{
				"@common_art.title_panel_content":{
				}
			},
						{
				"@allay.label_custom":{
					"$text":"#version",
					"anchor_from":"bottom_right",
					"anchor_to":"bottom_right",
					"bindings":[
						{
							"binding_name":"#version"
						}
					]
				}
			},
			{
				"@allay.label_custom":{
					"$text":"menu.copyright",
					"anchor_from":"bottom_left",
					"anchor_to":"bottom_left"
				}
			},
			{
				"@allay.stack_button":{
					
				}
			},
						{
				"@allay.text_panel":{
					
				}
			},						{
				"@allay.skin_panel":{
					
				}
			}
		]
	},
	"label_custom":{
		"type":"label",
		"text":"$text",
		"layer":1,
		"size":[
			"default",
			10
		]
	},
	  "skin_panel": {
    "type": "panel",
    "anchor_to": "bottom_right",
    "anchor_from": "bottom_right",
    "size": [ "50% - 75px", 124 ],
    "offset": [ 0, "-10% - 4px" ],
    "controls": [
      { "change_profile_or_skin@start.skin_or_profile_panel": {} },
      { "viewer_panel@start.skin_viewer_panel": {} }
    ]
  },
	"stack_button":{
		"type":"stack_panel",
		"size":[
			162,
			"100%c"
		],
		"layer":8,
		"anchor_from":"center",
		"anchor_to":"center",
							"offset":[
						0,
						30
					],
		"orientation":"vertical",
		"controls":[
						{
							"@allay.allain":{
								
							}
						},
						{
							"padding1":{
								"type":"panel",
								"size":[
									0,
									2
								]
							}
						},
						{
							"@allay.fifai":{
								
							}
						},
						{
							"padding2":{
								"type":"panel",
								"size":[
									0,
									2
								]
							}
						},
												{
							"@allay.fuck":{
								
							}
						},
													{
							"padding2":{
								"type":"panel",
								"size":[
									0,
									2
								]
							}
						},											{
							"@allay.daub":{
								
							}
						},													{
							"padding2":{
								"type":"panel",
								"size":[
									0,
									2
								]
							}
						},					{
							"@allay.dick":{
								
							}
						},
																			{
							"padding2":{
								"type":"panel",
								"size":[
									0,
									2
								]
							}
						},					{
							"@allay.allay":{
								
							}
						}
		]
	},
	"allain@common_buttons.light_text_button":{
		"$border_visible":true,
		"size":[
			170,
			20
		],
		"$pressed_button_name":"button.menu_play",
		"$button_text":"Play"
	},
	"fifai@common_buttons.light_text_button":{
		"$border_visible":true,
		"size":[
			170,
			20
		],
		"$pressed_button_name":"button.menu_settings",
		"$button_text":"Settings"
	},
		
			"fuck@common_buttons.light_text_button":{
		"$border_visible":true,
		"size":[
			170,
			20
		],
		"$pressed_button_name":"button.menu_store",
		"$button_text":"Marketplace"
	},
		"daub@common_buttons.light_text_button":{
		"$border_visible":true,
		"size":[
			170,
			20
		],
		"$pressed_button_name":"button.menu_achievements",
		"$button_text":"Achievements"
	},
		"dick@common_buttons.light_text_button":{
		"$border_visible":true,
		"size":[
			170,
			20
		],
		"$pressed_button_name":"button.menu_inbox",
		"$button_text":"Inbox Player"
	},
    	"allay@common_buttons.light_text_button":{
		"$border_visible":true,
		"size":[
			170,
			20
		],
		"$pressed_button_name":"button.menu_exit",
		"$button_text":"Exit"
	}
}