{"quick_craft_icon":{"type":"image","size":"$size_icon","texture":"optimizer/icon/crft"},"quick_craft_button@common_buttons.light_content_button":{"$button_content":"crafting.quick_craft_icon","size":["100%","100%"],"offset":[0,-3],"$border_alpha|default":0,"property_bag":{"#collection_name":"crafting_output_items","#collection_index":0},"button_mappings":[{"from_button_id":"button.menu_select","to_button_id":"button.crafting_output_tertiary","mapping_type":"pressed"}]},"crafting_arrow":{"type":"panel","layer":1,"size":[18,18],"$size_icon|default":[18,18],"anchor_from":"top_left","anchor_to":"top_left","controls":[{"quick_craft_button@crafting.quick_craft_button":{}}]},"crafting_arrow_large":{"type":"panel","layer":1,"size":[25,25],"$size_icon|default":[25,25],"anchor_from":"top_left","anchor_to":"top_left","controls":[{"quick_craft_button@crafting.quick_craft_button":{}}]}}