{"crafting_screen_pocket@crafting_pocket.inventory_screen_pocket_base":{"send_telemetry":false,"$screen_content":"crafting.recipe_inventory_screen_content","$screen_bg_content":"common.screen_background","$screen_background_alpha":0.4,"$top_half_variant":"crafting.crafting_panel_top_half","$close_on_player_hurt|default":true,"close_on_player_hurt":"$close_on_player_hurt"},"inventory_screen_pocket@crafting_pocket.inventory_screen_pocket_base":{"send_telemetry":false,"$screen_content":"crafting.recipe_inventory_screen_content","$screen_bg_content":"common.screen_background","$screen_background_alpha":0.4,"$top_half_variant":"crafting.survival_panel_top_half"}}